A;d2;Kennziffer;d1;d4;b;c1;c2;a;L
6;5;5;3.8;5.5;8.5;9;6;11;32
16;6;8;5.5;8.5;13;8.5;10;20.5;45.5
25;6;10;7.0;10.0;14;8.5;10;20.5;47.5
35;8;12;8.2;12.5;21;14;14.5;20.5;57
50;8;14;10.0;14.5;28;17;16.5;30;70
70;8;16;11.5;16.5;24;14;16.5;31;69
95;10;18;13.5;19.0;28;14;16.5;37;79
120;12;20;15.5;21.0;32;14;21.0;38;85
150;10;22;17.0;23.5;34;14;21.0;41;92
185;12;25;19.0;25.5;37;14;24.0;42;97
240;12;28;21.5;29.0;42;14;24.0;51;107
400;14;38;27.5;38.5;55;20;24.0;72;139
500;16;42;31.0;42.0;60;25;26.0;75;149
625;16;44;34.5;44.0;63;25;26.0;83;159
